Class,F1 Score,IoU
Land,0.9272697486506518,0.8644016028113995
Thick Cloud,0.9316846476162545,0.8721063921223025
Thin Cloud,0.7525685132791167,0.6032944665020359
Shadow,0.8434779701606765,0.7293228735797292
Overall Accuracy,0.90457356130922,
Mean Entropy R,6.151567977898245,
Mean Entropy G,5.7947102779160415,
Mean Entropy B,5.45221494405254,
