Class,F1 Score,IoU
Land,0.7490150673503719,0.5987402788009069
Thick Cloud,0.7515072696968583,0.6019316344071846
Thin Cloud,0.33245078104520315,0.1993648986586315
Shadow,0.5303335858001004,0.3608530348628937
Overall Accuracy,0.6782498390643628,
Mean Entropy R,6.327670900300366,
Mean Entropy G,5.992669011903741,
Mean Entropy B,5.66524683619652,
