Class,F1 Score,IoU
Land,0.9134715401981061,0.8407249087287221
Thick Cloud,0.9204173995954578,0.8525678343190766
Thin Cloud,0.6557570030087113,0.48782623712858436
Shadow,0.8111365574130385,0.6822789971975325
Overall Accuracy,0.8846207377198455,
Mean Entropy R,6.158604730388692,
Mean Entropy G,5.803554416168657,
Mean Entropy B,5.460855850084664,
