Class,F1 Score,IoU
Land,0.04783338237644403,0.024502715057525857
Thick Cloud,0.6058921568608266,0.4346092447887768
Thin Cloud,0.0,0.0
Shadow,0.3317733694925473,0.19887787631805534
Overall Accuracy,0.44709826135016106,
Mean Entropy R,8.893930173089183,
Mean Entropy G,8.732893944397295,
Mean Entropy B,8.563455613126907,
