Class,F1 Score,IoU
Land,0.67729460427096,0.5120524997160484
Thick Cloud,0.6967552205215302,0.5346311234028932
Thin Cloud,0.26367041115585726,0.15185504690464907
Shadow,0.23341644973005443,0.13212873497796743
Overall Accuracy,0.6193806753530131,
Mean Entropy R,5.72324914328347,
Mean Entropy G,5.375547688267251,
Mean Entropy B,5.052305267140945,
