Class,F1 Score,IoU
Land,0.7606986270345275,0.6138124621086181
Thick Cloud,0.7929525915442237,0.6569357475019805
Thin Cloud,0.0,0.0
Shadow,0.5299758718047878,0.36052188643696165
Overall Accuracy,0.7200511895216904,
Mean Entropy R,6.816975227904229,
Mean Entropy G,6.464906184314113,
Mean Entropy B,6.135670218368604,
